delta_mass_r2	counts	scans	cluster	precmz	name	delta_mass	delta_MF_final	delta_MF_unique_combination	mass_defect	scaled_counts
-15.99	5	23	115	146.11774	Candidate Carnitine (delta mass -15.9948; sirius atomic difference: -1O; literature atomic difference: -1O)	-15.9948	O-1	O	6.84E-05	20.5592776
42.01	7	1416	1638	204.12369	"Candidate Carnitine (delta mass 42.0112; sirius atomic difference: 2C, 1H, 1F, 1N, -1O; literature atomic difference: 2C, 2H, 1O)"	42.0112	C2HFNO-1	CHFNO	4.90E-05	20.8389164
56.03	2	2506	2864	218.13983	"Candidate Carnitine (delta mass 56.0273; sirius atomic difference: 2C, 4H, 2N; literature atomic difference: 3C, 4H, 1O)"	56.0273	C2H4N2	CHN	0.000137526	20.1398194
70.04	8	2891	3348	232.15681	"Candidate Carnitine (delta mass 70.0443; sirius atomic difference: 3C, 6H, 2N; literature atomic difference: 4C, 6H, 1O)"	70.0443	C3H6N2	CHN	0.000172297	20.9787358
82.04	3	4187	4713	244.14999	"Candidate Carnitine (delta mass 82.0375; sirius atomic difference: 6C, 2H, 1B, 1N, -1O; literature atomic difference: 5C, 6H, 1O)"	82.0375	C6H2BNO-1	unclassified	0.000163834	20.2796388
85.05	108	5412	5976	247.16676	"Candidate Carnitine (delta mass 85.0543; sirius atomic difference: 4C, 7H, 1N, 1O; literature atomic difference: 4C, 7H, 1N, 1O)"	85.0543	C4H7NO	CHNO	0.000202293	34.96067579
93.02	20	5818	6422	255.13408	"Candidate Carnitine (delta mass 93.0216; sirius atomic difference: 5C, 3H, 1N, 1O; buddy atomic difference: 5C, 3H, 1N, 1O; literature atomic difference: 5C, 3H, 1N, 1O)"	93.0216	C5H3NO	CHNO	7.84E-05	22.6565686
100.02	2	7590	8271	262.13403	"Candidate Carnitine (delta mass 100.0215; sirius atomic difference: 3C, 4H, 2N, 2O; literature atomic difference: 4C, 4H, 3O)"	100.0215	C3H4N2O2	CHNO	7.63E-05	20.1398194
105.02	66	8261	8976	267.13336	"Candidate Carnitine (delta mass 105.0209; sirius atomic difference: 6C, 3H, 1N, 1O; buddy atomic difference: 6C, 3H, 1N, 1O; literature atomic difference: 6C, 3H, 1N, 1O)"	105.0209	C6H3NO	CHNO	7.49E-05	29.088261
108.02	2	8292	9016	270.13	"Candidate Carnitine (delta mass 108.0175; sirius atomic difference: 4C, 2H, 3N, 1O; literature atomic difference: 6C, 4H, 2O)"	108.0175	C4H2N3O	CHNO	7.40E-05	20.1398194
112.05	3	8474	9243	274.16	"Candidate Carnitine (delta mass 112.0475; sirius atomic difference: 7C, 9H, 1Cl, -1O; literature atomic difference: 6C, 8H, 2O)"	112.0475	C7H9ClO-1	CHClO	0.000182375	20.2796388
113.05	137	8562	9346	275.1582	"Candidate Carnitine (delta mass 113.0457; literature atomic difference: 5C, 7H, 1N, 2O)"	113.0457	C5H7NO2	CHNO	0.000181714	39.01543839
124.05	44	9581	10441	286.16	"Candidate Carnitine (delta mass 124.0475; sirius atomic difference: 6C, 8H, 2N, -1O, 1S; literature atomic difference: 7C, 8H, 2O)"	124.0475	C6H8N2O-1S	CHNOS	0.000174727	26.0122342
126.03	2	10202	11077	288.14117	"Candidate Carnitine (delta mass 126.0287; sirius atomic difference: 5C, 6H, 2N, 2O; literature atomic difference: 6C, 6H, 3O)"	126.0287	C5H6N2O2	CHNO	0.000104116	20.1398194
127.06	21	10521	11409	289.17532	"Candidate Carnitine (delta mass 127.0628; sirius atomic difference: 6C, 9H, 1N, 2O; buddy atomic difference: 6C, 9H, 1N, 2O; literature atomic difference: 6C, 9H, 1N, 2O)"	127.0628	C6H9NO2	CHNO	0.000207487	22.796388
127.07	19	10524	11412	289.1792	"Candidate Carnitine (delta mass 127.0667; sirius atomic difference: 5C, 9H, 3N, 1O; literature atomic difference: 6C, 9H, 1N, 2O)"	127.0667	C5H9N3O	CHNO	0.000242064	22.5167492
128.05	2	10996	11886	290.16281	"Candidate Carnitine (delta mass 128.0503; sirius atomic difference: 7C, 4H, 4N, -1O; literature atomic difference: 6C, 8H, 3O)"	128.0503	C7H4N4O-1	CHNO	0.000172317	20.1398194
131.99	83	11224	12137	294.10001	"Candidate Carnitine (delta mass 131.9875; literature atomic difference: 4C, 4H, 3O, 1S)"	131.9875	C4H4O3S	CHOS	-3.40E-05	31.4651908
139.06	26	11671	12635	301.17511	"Candidate Carnitine (delta mass 139.0626; sirius atomic difference: 7C, 9H, 1N, 2O; buddy atomic difference: 7C, 9H, 1N, 2O; literature atomic difference: 7C, 9H, 1N, 2O)"	139.0626	C7H9NO2	CHNO	0.00019922	23.495485
139.07	25	11677	12641	301.17999	"Candidate Carnitine (delta mass 139.0675; sirius atomic difference: 7C, 9H, 1N, 2O; literature atomic difference: 7C, 9H, 1N, 2O)"	139.0675	C7H9NO2	CHNO	0.000232419	23.3556656
140.05	4	11788	12764	302.16	"Candidate Carnitine (delta mass 140.0475; sirius atomic difference: 6C, 8H, 2N, 2O; literature atomic difference: 7C, 8H, 3O)"	140.0475	C6H8N2O2	CHNO	0.000165475	20.4194582
140.08	3	11804	12780	302.19473	"Candidate Carnitine (delta mass 140.0822; sirius atomic difference: 7C, 12H, 2N, 1O; literature atomic difference: 8C, 12H, 2O)"	140.0822	C7H12N2O	CHNO	0.00026473	20.2796388
141.09	35	12119	13123	303.20001	"Candidate Carnitine (delta mass 141.0875; sirius atomic difference: 6C, 11H, 3N, 1O; literature atomic difference: 3C, 13H, 2N, 4O)"	141.0875	C6H11N3O	CHNO	0.000296834	24.7538596
142.03	2	12167	13175	304.1391	"Candidate Carnitine (delta mass 142.0266; sirius atomic difference: 4C, 4H, 3N, 3O; literature atomic difference: 6C, 6H, 4O)"	142.0266	C4H4N3O3	CHNO	9.86E-05	20.1398194
142.06	4	12194	13202	304.17361	"Candidate Carnitine (delta mass 142.0611; sirius atomic difference: 3C, 6H, 6N, 1O; literature atomic difference: 7C, 10H, 3O)"	142.0611	C3H6N6O	CHNO	0.000197256	20.4194582
144.02	29	12640	13656	306.13657	"Candidate Carnitine (delta mass 144.0241; literature atomic difference: 6C, 8H, 2O, 1S)"	144.0241	C6H8O2S	CHOS	6.53E-05	23.9149432
144.03	8	12642	13658	306.14001	"Candidate Carnitine (delta mass 144.0275; sirius atomic difference: 6C, 8H, 2O, 1S; literature atomic difference: 6C, 8H, 2O, 1S)"	144.0275	C6H8O2S	CHOS	9.80E-05	20.9787358
146.04	46	12955	13978	308.15179	"Candidate Carnitine (delta mass 146.0393; sirius atomic difference: 6C, 10H, 2O, 1S; literature atomic difference: 9C, 6H, 2O)"	146.0393	C6H10O2S	CHOS	0.000129806	26.291873
150.1	2	13437	14505	312.21674	"Candidate Carnitine (delta mass 150.1042; sirius atomic difference: 5C, 14H, 2N, 3O; literature atomic difference: 10C, 14H, 1O)"	150.1042	C5H14N2O3	CHNO	0.00032029	20.1398194
152.03	54	13589	14671	314.14062	"Candidate Carnitine (delta mass 152.0281; literature atomic difference: 8C, 8H, 1O, 1S)"	152.0281	C8H8OS	CHOS	9.55E-05	27.4104282
152.12	2	13686	14768	314.23068	"Candidate Carnitine (delta mass 152.1182; sirius atomic difference: 9C, 14H, 1N, 1O; literature atomic difference: 10C, 16H, 1O)"	152.1182	C9H14NO	CHNO	0.000381885	20.1398194
153.08	71	14036	15125	315.19101	"Candidate Carnitine (delta mass 153.0785; sirius atomic difference: 8C, 11H, 1N, 2O; buddy atomic difference: 8C, 11H, 1N, 2O; literature atomic difference: 8C, 11H, 1N, 2O)"	153.0785	C8H11NO2	CHNO	0.000253814	29.787358
154.01	173	14076	15169	316.12	"Candidate Carnitine (delta mass 154.0075; literature atomic difference: 7C, 6H, 2O, 1S)"	154.0075	C7H6O2S	CHOS	3.16E-05	44.04893679
154.1	4	14198	15292	316.21033	"Candidate Carnitine (delta mass 154.0978; sirius atomic difference: 5C, 10H, 6N; literature atomic difference: 9C, 14H, 2O)"	154.0978	C5H10N6	CHN	0.000316245	20.4194582
155.09	6	14571	15677	317.20663	"Candidate Carnitine (delta mass 155.0941; sirius atomic difference: 8C, 13H, 1N, 2O; buddy atomic difference: 8C, 13H, 1N, 2O; literature atomic difference: 8C, 13H, 1N, 2O)"	155.0941	C8H13NO2	CHNO	0.000283727	20.699097
155.1	42	14573	15679	317.20999	"Candidate Carnitine (delta mass 155.0975; literature atomic difference: 8C, 13H, 1N, 2O)"	155.0975	C8H13NO2	CHNO	0.000315249	25.7325954
156.04	2	14611	15728	318.15161	"Candidate Carnitine (delta mass 156.0391; sirius atomic difference: 6C, 8H, 2N, 1O, 1S; literature atomic difference: 7C, 8H, 4O)"	156.0391	C6H8N2OS	CHNOS	0.000125726	20.1398194
157.05	3195	14867	15992	319.16495	"Candidate Carnitine (delta mass 157.0524; sirius atomic difference: 10C, 7H, 1N, 1O; literature atomic difference: 10C, 7H, 1N, 1O)"	157.0524	C10H7NO	CHNO	0.000156659	466.5831634
157.06	43	14872	15997	319.17001	"Candidate Carnitine (delta mass 157.0575; sirius atomic difference: 10C, 7H, 1N, 1O; literature atomic difference: 10C, 7H, 1N, 1O)"	157.0575	C10H7NO	CHNO	0.000187988	25.8724148
158.08	16	15016	16142	320.18936	"Candidate Carnitine (delta mass 158.0769; sirius atomic difference: 8C, 14H, 1O, 1S; buddy atomic difference: 8C, 14H, 1O, 1S; literature atomic difference: 11C, 10H, 1O)"	158.0769	C8H14OS	CHOS	0.000249852	22.097291
161.08	12	15061	16194	323.19638	"Candidate Carnitine (delta mass 161.0839; sirius atomic difference: 10C, 11H, 1N, 1O; buddy atomic difference: 10C, 11H, 1N, 1O; literature atomic difference: 10C, 11H, 1N, 1O)"	161.0839	C10H11NO	CHNO	0.000247528	21.5380134
162.08	176	15084	16219	324.18924	"Candidate Carnitine (delta mass 162.0767; sirius atomic difference: 9C, 10H, 2N, 1O; literature atomic difference: 9C, 10H, 2N, 1O)"	162.0767	C9H10N2O	CHNO	0.000246769	44.46839499
164.05	2	15159	16304	326.16278	"Candidate Carnitine (delta mass 164.0503; sirius atomic difference: 9C, 9H, 1Cl, 2N, -1O; literature atomic difference: 9C, 8H, 3O)"	164.0503	C9H9ClN2O-1	CHClNO	0.000153298	20.1398194
165.04	171	15255	16405	327.14999	"Candidate Carnitine (delta mass 165.0375; sirius atomic difference: 8C, 7H, 1N, 3O; literature atomic difference: 8C, 7H, 1N, 3O)"	165.0375	C8H7NO3	CHNO	0.000122268	43.76929799
165.05	7	15268	16418	327.16	"Candidate Carnitine (delta mass 165.0475; sirius atomic difference: 8C, 7H, 1N, 3O; literature atomic difference: 8C, 7H, 1N, 3O)"	165.0475	C8H7NO3	CHNO	0.00015283	20.8389164
167.06	164	15565	16724	329.16998	"Candidate Carnitine (delta mass 167.0575; sirius atomic difference: 8C, 9H, 1N, 3O; literature atomic difference: 8C, 9H, 1N, 3O)"	167.0575	C8H9NO3	CHNO	0.000182277	42.79056219
167.09	15	15584	16743	329.20325	"Candidate Carnitine (delta mass 167.0907; sirius atomic difference: 9C, 13H, 1N, 2O; literature atomic difference: 9C, 13H, 1N, 2O)"	167.0907	C9H13NO2	CHNO	0.000273387	21.9574716
167.1	157	15589	16748	329.21185	"Candidate Carnitine (delta mass 167.0994; literature atomic difference: 9C, 13H, 1N, 2O)"	167.0994	C9H13NO2	CHNO	0.000303756	41.81182639
169.11	11	15995	17174	331.22485	"Candidate Carnitine (delta mass 169.1124; literature atomic difference: 9C, 15H, 1N, 2O)"	169.1124	C9H15NO2	CHNO	0.000332101	21.398194
169.12	466	15998	17177	331.22751	"Candidate Carnitine (delta mass 169.115; literature atomic difference: 9C, 15H, 1N, 2O)"	169.115	C9H15NO2	CHNO	0.000362289	85.01602097
170.09	25	16072	17252	332.20691	"Candidate Carnitine (delta mass 170.0944; sirius atomic difference: 10C, 10H, 4N, -1O; literature atomic difference: 9C, 14H, 3O)"	170.0944	C10H10N4O-1	CHNO	0.000270915	23.3556656
170.13	3	16113	17294	332.24036	"Candidate Carnitine (delta mass 170.1279; sirius atomic difference: 9C, 15H, 1F, 2N; literature atomic difference: 10C, 18H, 2O)"	170.1279	C9H15FN2	CHFN	0.000391283	20.2796388
171.07	4	16256	17444	333.17978	"Candidate Carnitine (delta mass 171.0673; sirius atomic difference: 11C, 9H, 1N, 1O; buddy atomic difference: 11C, 9H, 1N, 1O; literature atomic difference: 11C, 9H, 1N, 1O)"	171.0673	C11H9NO	CHNO	0.000210097	20.4194582
172.07	12	16300	17489	334.18616	"Candidate Carnitine (delta mass 172.0737; sirius atomic difference: 10C, 8H, 2N, 1O; literature atomic difference: 8C, 12H, 4O)"	172.0737	C10H8N2O	CHNO	0.000209464	21.5380134
173.05	101	16347	17539	335.16037	"Candidate Carnitine (delta mass 173.0479; sirius atomic difference: 10C, 7H, 1N, 2O; buddy atomic difference: 10C, 7H, 1N, 2O; literature atomic difference: 10C, 7H, 1N, 2O)"	173.0479	C10H7NO2	CHNO	0.000149182	33.98193999
174.03	6	16372	17569	336.14609	"Candidate Carnitine (delta mass 174.0336; sirius atomic difference: 9C, 6H, 2N, 2O; literature atomic difference: 10C, 6H, 3O)"	174.0336	C9H6N2O2	CHNO	8.92E-05	20.699097
174.04	6	16373	17570	336.14999	"Candidate Carnitine (delta mass 174.0375; sirius atomic difference: 7C, 10H, 3O, 1S; literature atomic difference: 10C, 6H, 3O)"	174.0375	C7H10O3S	CHOS	0.000118995	20.699097
174.05	6	16375	17572	336.16	"Candidate Carnitine (delta mass 174.0475; sirius atomic difference: 8C, 11H, 1Cl, 2O; buddy atomic difference: 14C, 6H; literature atomic difference: 8C, 1Cl, 11H, 2O)"	174.0475	C8H11ClO2	CHClO	0.000148739	20.699097
175.06	1272	16434	17637	337.17166	"Candidate Carnitine (delta mass 175.0592; literature atomic difference: 10C, 9H, 1N, 2O)"	175.0592	C10H9NO2	CHNO	0.000177951	197.7104573
175.07	6	16447	17650	337.17999	"Candidate Carnitine (delta mass 175.0675; sirius atomic difference: 10C, 9H, 1N, 2O; literature atomic difference: 10C, 9H, 1N, 2O)"	175.0675	C10H9NO2	CHNO	0.000207604	20.699097
176.05	2	16467	17677	338.16202	"Candidate Carnitine (delta mass 176.0495; sirius atomic difference: 7C, 12H, 3O, 1S; literature atomic difference: 10C, 8H, 3O)"	176.0495	C7H12O3S	CHOS	0.000147858	20.1398194
176.08	2	16474	17684	338.19507	"Candidate Carnitine (delta mass 176.0826; sirius atomic difference: 8C, 15H, 1Cl, 1N, 1O; literature atomic difference: 11C, 12H, 2O)"	176.0826	C8H15ClNO	CHClNO	0.00023655	20.1398194
177.08	120	16557	17777	339.19147	"Candidate Carnitine (delta mass 177.079; sirius atomic difference: 10C, 11H, 1N, 2O; buddy atomic difference: 10C, 11H, 1N, 2O; literature atomic difference: 10C, 11H, 1N, 2O)"	177.079	C10H11NO2	CHNO	0.000235855	36.63850859
179.06	637	16715	17949	341.17035	"Candidate Carnitine (delta mass 179.0578; sirius atomic difference: 9C, 9H, 1N, 3O; buddy atomic difference: 9C, 9H, 1N, 3O; literature atomic difference: 9C, 9H, 1N, 3O)"	179.0578	C9H9NO3	CHNO	0.000175865	108.9251384
179.09	114	16730	17964	341.20734	"Candidate Carnitine (delta mass 179.0948; sirius atomic difference: 10C, 13H, 1N, 2O; buddy atomic difference: 10C, 13H, 1N, 2O; literature atomic difference: 10C, 13H, 1N, 2O)"	179.0948	C10H13NO2	CHNO	0.000263769	35.79959219
179.1	16	16731	17965	341.2077	"Candidate Carnitine (delta mass 179.0952; sirius atomic difference: 10C, 13H, 1N, 2O; buddy atomic difference: 10C, 13H, 1N, 2O; literature atomic difference: 10C, 13H, 1N, 2O)"	179.0952	C10H13NO2	CHNO	0.000293077	22.097291
180.06	908	16756	17994	342.17346	"Candidate Carnitine (delta mass 180.061; buddy atomic difference: 10C, 12H, 1O, 1S; literature atomic difference: 10C, 12H, 1O, 1S)"	180.061	C10H12OS	CHOS	0.00017535	146.8161957
180.07	3	16762	18000	342.17999	"Candidate Carnitine (delta mass 180.0675; literature atomic difference: 10C, 12H, 1O, 1S)"	180.0675	C10H12OS	CHOS	0.000204571	20.2796388
180.13	53	16838	18077	342.23788	"Candidate Carnitine (delta mass 180.1254; sirius atomic difference: 10C, 16H, 2N, 1O; buddy atomic difference: 10C, 16H, 2N, 1O; literature atomic difference: 10C, 16H, 2N, 1O)"	180.1254	C10H16N2O	CHNO	0.000379853	27.2706088
181.11	595	17034	18285	343.22281	"Candidate Carnitine (delta mass 181.1103; sirius atomic difference: 10C, 15H, 1N, 2O; buddy atomic difference: 10C, 15H, 1N, 2O; literature atomic difference: 10C, 15H, 1N, 2O)"	181.1103	C10H15NO2	CHNO	0.000320492	103.0527236
184.07	2	17577	18843	346.18268	"Candidate Carnitine (delta mass 184.0702; sirius atomic difference: 8C, 12H, 2N, 1O, 1S; literature atomic difference: 9C, 12H, 4O)"	184.0702	C8H12N2OS	CHNOS	0.000202205	20.1398194
184.11	2	17735	19001	346.22467	"Candidate Carnitine (delta mass 184.1122; sirius atomic difference: 12C, 12H, 2N; literature atomic difference: 10C, 16H, 3O)"	184.1122	C12H12N2	CHN	0.000317713	20.1398194
188.12	4	17848	19140	350.23001	"Candidate Carnitine (delta mass 188.1175; sirius atomic difference: 8C, 16H, 2N, 3O; literature atomic difference: 13C, 16H, 1O)"	188.1175	C8H16N2O3	CHNO	0.000342632	20.4194582
189.04	17	17863	19158	351.15692	"Candidate Carnitine (delta mass 189.0444; literature atomic difference: 7C, 11H, 1N, 3O, 1S)"	189.0444	C7H11NO3S	CHNOS	0.000113909	22.2371104
189.05	439	17861	19156	351.16	"Candidate Carnitine (delta mass 189.0475; sirius atomic difference: 7C, 11H, 1N, 3O, 1S; literature atomic difference: 7C, 11H, 1N, 3O, 1S)"	189.0475	C7H11NO3S	CHNOS	0.000142385	81.24089717
200.12	142	18950	20323	362.23563	"Candidate Carnitine (delta mass 200.1231; literature atomic difference: 11C, 20H, 1O, 1S)"	200.1231	C11H20OS	CHOS	0.000331276	39.71453539
200.13	5	18953	20326	362.2402	"Candidate Carnitine (delta mass 200.1277; literature atomic difference: 11C, 20H, 1O, 1S)"	200.1277	C11H20OS	CHOS	0.000358878	20.5592776
203.06	579	18978	20399	365.17001	"Candidate Carnitine (delta mass 203.0575; sirius atomic difference: 8C, 13H, 1N, 3O, 1S; literature atomic difference: 8C, 13H, 1N, 3O, 1S)"	203.0575	C8H13NO3S	CHNOS	0.000164307	100.8156132
203.07	2	18989	20410	365.17996	"Candidate Carnitine (delta mass 203.0675; literature atomic difference: 8C, 13H, 1N, 3O, 1S)"	203.0675	C8H13NO3S	CHNOS	0.000191686	20.1398194
204.09	88	19007	20432	366.20001	"Candidate Carnitine (delta mass 204.0875; sirius atomic difference: 10C, 17H, 1Cl, 2O; literature atomic difference: 10C, 1Cl, 17H, 2O)"	204.0875	C10H17ClO2	CHClO	0.000245767	32.16428779
212.1	11	20578	22054	374.21408	"Candidate Carnitine (delta mass 212.1016; sirius atomic difference: 10C, 16H, 2N, 1O, 1S; literature atomic difference: 11C, 16H, 4O)"	212.1016	C10H16N2OS	CHNOS	0.000267227	21.398194
213.99	112	20689	22175	376.10596	"Candidate Carnitine (delta mass 213.9935; sirius atomic difference: 8C, 6H, 5O, 1S; literature atomic difference: 8C, 6H, 5O, 1S)"	213.9935	C8H6O5S	CHOS	-2.66E-05	35.51995339
217.08	13	20725	22221	379.19019	"Candidate Carnitine (delta mass 217.0777; literature atomic difference: 9C, 15H, 1N, 3O, 1S)"	217.0777	C9H15NO3S	CHNOS	0.000210976	21.6778328
218.09	18	20839	22340	380.20544	"Candidate Carnitine (delta mass 218.0929; sirius atomic difference: 9C, 10H, 6N, 1O; literature atomic difference: 13C, 14H, 3O)"	218.0929	C9H10N6O	CHNO	0.000236714	22.3769298
224.1	6	21368	22890	386.21008	"Candidate Carnitine (delta mass 224.0976; sirius atomic difference: 16C, 13H, 1F; literature atomic difference: 12C, 16H, 4O)"	224.0976	C16H13F	CHF	0.000258926	20.699097
224.15	19	21418	22941	386.25946	"Candidate Carnitine (delta mass 224.147; sirius atomic difference: 7C, 20H, 4N, 4O; literature atomic difference: 13C, 20H, 3O)"	224.147	C7H20N4O4	CHNO	0.00038834	22.5167492
224.17	3	21423	22946	386.28644	"Candidate Carnitine (delta mass 224.1739; sirius atomic difference: 11C, 20H, 4N, 1O; literature atomic difference: 14C, 24H, 2O)"	224.1739	C11H20N4O	CHNO	0.000440088	20.2796388
224.22	15	21597	23120	386.328	"Candidate Carnitine (delta mass 224.2155; sirius atomic difference: 14C, 28H, 2N; literature atomic difference: 15C, 28H, 1O)"	224.2155	C14H28N2	CHN	0.000569464	21.9574716
228.01	126	22042	23580	390.12106	"Candidate Carnitine (delta mass 228.0086; literature atomic difference: 9C, 8H, 5O, 1S)"	228.0086	C9H8O5S	CHOS	2.56E-05	37.47742499
228.09	122	22048	23586	390.20001	"Candidate Carnitine (delta mass 228.0875; literature atomic difference: 12C, 1Cl, 17H, 2O)"	228.0875	C12H17ClO2	CHClO	0.000230651	36.91814739
228.1	22	22051	23589	390.21225	"Candidate Carnitine (delta mass 228.0997; literature atomic difference: 12C, 1Cl, 17H, 2O)"	228.0997	C12H17ClO2	CHClO	0.000256271	22.9362074
231.06	147	22178	23779	393.17026	"Candidate Carnitine (delta mass 231.0578; sirius atomic difference: 10C, 9H, 5N, 1S; literature atomic difference: 9C, 13H, 1N, 4O, 1S)"	231.0578	C10H9N5S	CHNS	0.000152606	40.41363239
238.19	177	23465	25136	400.30649	"Candidate Carnitine (delta mass 238.194; sirius atomic difference: 13C, 26H, 2N, 1Si; literature atomic difference: 15C, 26H, 2O)"	238.194	C13H26N2Si	unclassified	0.000474636	44.60821439
238.23	8	23489	25162	400.34464	"Candidate Carnitine (delta mass 238.2321; sirius atomic difference: 14C, 31H, 1B, 1N, -1O, 1P; literature atomic difference: 16C, 30H, 1O)"	238.2321	C14H31BNO-1P	unclassified	0.000574505	20.9787358
245.07	221	24194	25892	407.17776	"Candidate Carnitine (delta mass 245.0653; literature atomic difference: 10C, 15H, 1N, 4O, 1S)"	245.0653	C10H15NO4S	CHNOS	0.000171915	50.76026799
245.08	70	24211	25909	407.18878	"Candidate Carnitine (delta mass 245.0763; literature atomic difference: 10C, 15H, 1N, 4O, 1S)"	245.0763	C10H15NO4S	CHNOS	0.000196469	29.6475386
245.11	489	24214	25913	407.22342	"Candidate Carnitine (delta mass 245.1109; literature atomic difference: 11C, 19H, 1N, 3O, 1S)"	245.1109	C11H19NO3S	CHNOS	0.000270122	88.23186717
250.23	2	24537	26304	412.33838	"Candidate Carnitine (delta mass 250.2259; sirius atomic difference: 19C, 26H, 2N, -2O; literature atomic difference: 17C, 30H, 1O)"	250.2259	C19H26N2O-2	CHNO	0.000557794	20.1398194
252.25	4	24828	26628	414.36166	"Candidate Carnitine (delta mass 252.2492; sirius atomic difference: 13C, 28H, 6N, -1O; literature atomic difference: 17C, 32H, 1O)"	252.2492	C13H28N6O-1	CHNO	0.000603338	20.4194582
262.23	2	25579	27433	424.34302	"Candidate Carnitine (delta mass 262.2305; sirius atomic difference: 13C, 30H, 2N, 3O; literature atomic difference: 18C, 30H, 1O)"	262.2305	C13H30N2O3	CHNO	0.000542014	20.1398194
264.21	10	26174	28043	426.3244	"Candidate Carnitine (delta mass 264.2119; sirius atomic difference: 13C, 24H, 6N; literature atomic difference: 17C, 28H, 2O)"	264.2119	C13H24N6	CHN	0.000492583	21.2583746
264.25	2	26904	28775	426.36154	"Candidate Carnitine (delta mass 264.249; sirius atomic difference: 17C, 32H, 2N; literature atomic difference: 18C, 32H, 1O)"	264.249	C17H32N2	CHN	0.000586357	20.1398194
266.22	11	27137	29017	428.32901	"Candidate Carnitine (delta mass 266.2165; sirius atomic difference: 19C, 26H, 2N, -1O; literature atomic difference: 17C, 30H, 2O)"	266.2165	C19H26N2O-1	CHNO	0.000513624	21.398194
269.11	253	27693	29589	431.2179	"Candidate Carnitine (delta mass 269.1054; sirius atomic difference: 16C, 15H, 1N, 3O; buddy atomic difference: 16C, 15H, 1N, 3O; literature atomic difference: 13C, 19H, 1N, 3O, 1S)"	269.1054	C16H15NO3	CHNO	0.000255091	55.23448879
271.12	1650	27732	29642	433.23679	"Candidate Carnitine (delta mass 271.1243; literature atomic difference: 13C, 21H, 1N, 3O, 1S)"	271.1243	C13H21NO3S	CHNOS	0.000276985	250.5621905
271.13	24	27745	29655	433.23761	"Candidate Carnitine (delta mass 271.1251; literature atomic difference: 13C, 21H, 1N, 3O, 1S)"	271.1251	C13H21NO3S	CHNOS	0.000300066	23.2158462
273.14	293	27810	29742	435.25269	"Candidate Carnitine (delta mass 273.1402; literature atomic difference: 13C, 23H, 1N, 3O, 1S)"	273.1402	C13H23NO3S	CHNOS	0.000321652	60.82726478
273.15	2	27828	29760	435.259	"Candidate Carnitine (delta mass 273.1465; sirius atomic difference: 15C, 19H, 3N, 2O; literature atomic difference: 13C, 23H, 1N, 3O, 1S)"	273.1465	C15H19N3O2	CHNO	0.000344622	20.1398194
278.12	91	27963	29946	440.23151	"Candidate Carnitine (delta mass 278.119; literature atomic difference: 12C, 22H, 5O, 1S)"	278.119	C12H22O5S	CHOS	0.000272584	32.58374599
280.24	2	28350	30343	442.35077	"Candidate Carnitine (delta mass 280.2383; sirius atomic difference: 13C, 28H, 1B, 5N, 1O; literature atomic difference: 18C, 32H, 2O)"	280.2383	C13H28BN5O	unclassified	0.000542556	20.1398194
282.2	15	28802	30809	444.30786	"Candidate Carnitine (delta mass 282.1954; sirius atomic difference: 15C, 26H, 2N, 3O; literature atomic difference: 20C, 26H, 1O)"	282.1954	C15H26N2O3	CHNO	0.000450138	21.9574716
287.12	327	29652	31693	449.23157	"Candidate Carnitine (delta mass 287.1191; sirius atomic difference: 13C, 21H, 1N, 4O, 1S; literature atomic difference: 13C, 21H, 1N, 4O, 1S)"	287.1191	C13H21NO4S	CHNOS	0.000267123	65.58112438
288.21	2	29694	31747	450.32202	"Candidate Carnitine (delta mass 288.2095; sirius atomic difference: 14C, 28H, 2N, 4O; literature atomic difference: 19C, 28H, 2O)"	288.2095	C14H28N2O4	CHNO	0.000466333	20.1398194
289.1	43	29872	31927	451.21561	"Candidate Carnitine (delta mass 289.1031; literature atomic difference: 12C, 19H, 1N, 5O, 1S)"	289.1031	C12H19NO5S	CHNOS	0.000221624	25.8724148
290.26	2	29988	32054	452.37094	"Candidate Carnitine (delta mass 290.2584; sirius atomic difference: 19C, 34H, 1B, 2O; literature atomic difference: 20C, 34H, 1O)"	290.2584	C19H34BO2	unclassified	0.00057475	20.1398194
291.11	12	30099	32168	453.22571	"Candidate Carnitine (delta mass 291.1132; sirius atomic difference: 15C, 17H, 1N, 5O; literature atomic difference: 12C, 21H, 1N, 5O, 1S)"	291.1132	C15H17NO5	CHNO	0.000242705	21.5380134
291.12	4	30103	32173	453.23062	"Candidate Carnitine (delta mass 291.1181; sirius atomic difference: 10C, 13H, 9N, 2O; literature atomic difference: 12C, 21H, 1N, 5O, 1S)"	291.1181	C10H13N9O2	CHNO	0.000264766	20.4194582
295.12	32	30714	32810	457.23505	"Candidate Carnitine (delta mass 295.1226; literature atomic difference: 15C, 21H, 1N, 3O, 1S)"	295.1226	C15H21NO3S	CHNOS	0.000262447	24.3344014
295.13	46	30717	32813	457.23773	"Candidate Carnitine (delta mass 295.1252; literature atomic difference: 15C, 21H, 1N, 3O, 1S)"	295.1252	C15H21NO3S	CHNOS	0.000284316	26.291873
308.31	4	31248	33421	470.4198	"Candidate Carnitine (delta mass 308.3073; sirius atomic difference: 17C, 32H, 6B, -1O, 1Si; literature atomic difference: 21C, 40H, 1O)"	308.3073	C17H32B6O-1Si	unclassified	0.000658986	20.4194582
310.23	6	31289	33469	472.3396	"Candidate Carnitine (delta mass 310.2271; sirius atomic difference: 17C, 30H, 2N, 3O; literature atomic difference: 22C, 30H, 1O)"	310.2271	C17H30N2O3	CHNO	0.000486938	20.699097
311.11	3	31442	33632	473.22437	"Candidate Carnitine (delta mass 311.1119; sirius atomic difference: 18C, 17H, 1N, 4O; literature atomic difference: 15C, 21H, 1N, 4O, 1S)"	311.1119	C18H17NO4	CHNO	0.000232448	20.2796388
311.12	391	31443	33633	473.23315	"Candidate Carnitine (delta mass 311.1206; literature atomic difference: 15C, 21H, 1N, 4O, 1S)"	311.1206	C15H21NO4S	CHNOS	0.000253575	74.52956598
313.13	1080	31544	33753	475.2384	"Candidate Carnitine (delta mass 313.1259; literature atomic difference: 15C, 23H, 1N, 4O, 1S)"	313.1259	C15H23NO4S	CHNOS	0.000273547	170.8651325
313.14	39	31559	33768	475.24878	"Candidate Carnitine (delta mass 313.1363; literature atomic difference: 15C, 23H, 1N, 4O, 1S)"	313.1363	C15H23NO4S	CHNOS	0.000294583	25.3131372
314.14	9	31585	33798	476.25061	"Candidate Carnitine (delta mass 314.1381; sirius atomic difference: 16C, 18H, 4N, 3O; literature atomic difference: 15C, 22H, 7O)"	314.1381	C16H18N4O3	CHNO	0.000293963	21.1185552
315.15	99	31679	33893	477.26001	"Candidate Carnitine (delta mass 315.1475; sirius atomic difference: 18C, 21H, 1N, 4O; literature atomic difference: 15C, 25H, 1N, 4O, 1S)"	315.1475	C18H21NO4	CHNO	0.000314294	33.70230119
317.13	54	31703	33924	479.24423	"Candidate Carnitine (delta mass 317.1317; literature atomic difference: 14C, 23H, 1N, 5O, 1S)"	317.1317	C14H23NO5S	CHNOS	0.00027126	27.4104282
319.15	66	31771	34035	481.25757	"Candidate Carnitine (delta mass 319.1451; literature atomic difference: 14C, 25H, 1N, 5O, 1S)"	319.1451	C14H25NO5S	CHNOS	0.000311683	29.088261
322.32	23	31875	34158	484.43713	"Candidate Carnitine (delta mass 322.3246; sirius atomic difference: 17C, 38H, 8N, -2O; literature atomic difference: 22C, 42H, 1O)"	322.3246	C17H38N8O-2	CHNO	0.00066056	23.0760268
325.17	63	31943	34232	487.28418	"Candidate Carnitine (delta mass 325.1717; sirius atomic difference: 20C, 23H, 1N, 3O; literature atomic difference: 17C, 27H, 1N, 3O, 1S)"	325.1717	C20H23NO3	CHNO	0.000348872	28.6688028
329.13	30	32094	34409	491.24115	"Candidate Carnitine (delta mass 329.1286; literature atomic difference: 15C, 23H, 1N, 5O, 1S)"	329.1286	C15H23NO5S	CHNOS	0.000264636	24.0547626
338.32	2	32323	34675	500.43091	"Candidate Carnitine (delta mass 338.3184; sirius atomic difference: 18C, 34H, 6B, 1Si; literature atomic difference: 22C, 42H, 2O)"	338.3184	C18H34B6Si	unclassified	0.000639449	20.1398194
341.16	7	32343	34706	503.27737	"Candidate Carnitine (delta mass 341.1649; literature atomic difference: 17C, 27H, 1N, 4O, 1S)"	341.1649	C17H27NO4S	CHNOS	0.000317916	20.8389164
341.17	261	32344	34707	503.27859	"Candidate Carnitine (delta mass 341.1661; literature atomic difference: 17C, 27H, 1N, 4O, 1S)"	341.1661	C17H27NO4S	CHNOS	0.000337785	56.35304398
343.18	314	32386	34755	505.28897	"Candidate Carnitine (delta mass 343.1765; literature atomic difference: 17C, 29H, 1N, 4O, 1S)"	343.1765	C17H29NO4S	CHNOS	0.000356232	63.76347218
349.17	1559	32565	35012	511.28366	"Candidate Carnitine (delta mass 349.1712; literature atomic difference: 19C, 27H, 1N, 3O, 1S)"	349.1712	C19H27NO3S	CHNOS	0.000332496	237.8386251
349.18	2	32713	35160	511.28925	"Candidate Carnitine (delta mass 349.1767; literature atomic difference: 19C, 27H, 1N, 3O, 1S)"	349.1767	C19H27NO3S	CHNOS	0.000352051	20.1398194
351.18	9	32761	35219	513.29175	"Candidate Carnitine (delta mass 351.1792; literature atomic difference: 19C, 29H, 1N, 3O, 1S)"	351.1792	C19H29NO3S	CHNOS	0.000350678	21.1185552
351.19	2343	32762	35220	513.29913	"Candidate Carnitine (delta mass 351.1866; literature atomic difference: 19C, 29H, 1N, 3O, 1S)"	351.1866	C19H29NO3S	CHNOS	0.000370155	347.4570347
367.18	549	33000	35510	529.29486	"Candidate Carnitine (delta mass 367.1824; literature atomic difference: 19C, 29H, 1N, 4O, 1S)"	367.1824	C19H29NO4S	CHNOS	0.000340075	96.62103117
391.17	1	33303	35904	553.28735	"Candidate Carnitine (delta mass 391.1748; literature atomic difference: 21C, 29H, 1N, 4O, 1S)"	391.1748	C21H29NO4S	CHNOS	0.000307254	20
391.18	2441	33300	35901	553.29651	"Candidate Carnitine (delta mass 391.184; literature atomic difference: 21C, 29H, 1N, 4O, 1S)"	391.184	C21H29NO4S	CHNOS	0.000325323	361.1593359
391.19	7	33389	35990	553.29999	"Candidate Carnitine (delta mass 391.1875; literature atomic difference: 21C, 29H, 1N, 4O, 1S)"	391.1875	C21H29NO4S	CHNOS	0.000343394	20.8389164
393.19	70	33402	36011	555.30414	"Candidate Carnitine (delta mass 393.1916; literature atomic difference: 21C, 31H, 1N, 4O, 1S)"	393.1916	C21H31NO4S	CHNOS	0.000342155	29.6475386
393.2	3434	33403	36012	555.3092	"Candidate Carnitine (delta mass 393.1967; literature atomic difference: 21C, 31H, 1N, 4O, 1S)"	393.1967	C21H31NO4S	CHNOS	0.00036016	500
395.21	149	33580	36198	557.32001	"Candidate Carnitine (delta mass 395.2075; sirius atomic difference: 24C, 29H, 1N, 4O; literature atomic difference: 21C, 33H, 1N, 4O, 1S)"	395.2075	C24H29NO4	CHNO	0.000376803	40.69327119
395.22	117	33578	36196	557.33002	"Candidate Carnitine (delta mass 395.2175; literature atomic difference: 21C, 33H, 1N, 4O, 1S)"	395.2175	C21H33NO4S	CHNOS	0.000394739	36.21905039
398.19	44	33631	36258	560.3067	"Candidate Carnitine (delta mass 398.1942; sirius atomic difference: 21C, 26H, 4N, 4O; literature atomic difference: 20C, 30H, 8O)"	398.1942	C21H26N4O4	CHNO	0.0003391	26.0122342
400.21	16	33640	36280	562.32141	"Candidate Carnitine (delta mass 400.2089; sirius atomic difference: 21C, 28H, 4N, 4O; literature atomic difference: 20C, 32H, 8O)"	400.2089	C21H28N4O4	CHNO	0.000373452	22.097291
